crédito de libre inversión;42
extractos;35
crediágil;3
recargas;3
corresponsales bancarios;1
inversiones;1
vehículos;1
simula;14
tarjeta de crédito bancolombia;1
sucursal física;50
bancolombia app;4
tarjeta prepago;4
cajero multifuncional;2
cuentas;59
seguro de desempleo;1
tarjetas de crédito;17
tarjeta débito;33
consulta de movimientos;1
corriente;6
móvil;11
giros;8
cajero automático;1
facturas;5
sucursal virtual;280
crédito hipotecario;4
pagos;23
sucursales físicas;11
transacciones;76
cuenta nómina;1
canales;21
cuentas de ahorros;10
nómina;19
créditos;7
transferencia;58
corresponsal bancario;10
tarjeta de crédito;100
mi casa ya;1
web;12
cuentas de ahorro;15
canales virtuales;6
facturanet;12
débito automático;2
tarjeta de crédito mastercard ideal;1
clásica;3
fondos de inversión;2
pac;51
seguros y asistencias;1
libre inversión;53
cuenta de ahorros;70
transferencias;16
mastercard.;1
sucursal telefónica;9
crédito de vivienda;1
fiducuenta;4
viáticos;1
depósito;3
pagos automáticos;1
cuenta de ahorro;86
cuenta;611
desempleo;1
refinanciar;4
tarjeta master;2
tarjetas;46
sufi;3
sucursal virtual empresas;1
remesas;1
creditos;3
tarjeta visa;2
vida;16
fiduciaria;4
tarjeta de débito;3
seguros;105
cheque;5
mastercard;23
sucursal virtual personas;163
tarjeta e-prepago;12
giros internacionales;2
seguros obligatorios;1
fiduciaria bancolombia;1
simulador;7
compra de cartera;2
telefónico;33
acciones;77
transporte;2
puntos bancolombia;4
cuenta ahorro;3
consignaciones;7
ahorros;94
tarjetas de crédito visa;1
